match_id,season,gameweek,date,home_team,away_team,home_goals,away_goals,result,home_avg_goals_for_last5,home_avg_goals_against_last5,home_avg_points_last5,away_avg_goals_for_last5,away_avg_goals_against_last5,away_avg_points_last5,target,home_elo_before,away_elo_before,elo_diff,home_odds_close,draw_odds_close,away_odds_close,home_odds_b365,draw_odds_b365,away_odds_b365,prob_home_close,prob_draw_close,prob_away_close,prob_home_b365,prob_draw_b365,prob_away_b365,prob_home_market,prob_draw_market,prob_away_market,home_odds,draw_odds,away_odds,prob_home_raw,prob_draw_raw,prob_away_raw,odds_imbalance_home_away,elo_ratio_home,elo_ratio_away,prob_H,prob_D,prob_A,predicted_label,actual_result,correct
3801,2025-2026,1,2025-08-15,Liverpool FC,AFC Bournemouth,4.0,2.0,H,,,,,,,H,1500.0,1500.0,0.0,,,,,,,,,,,,,,,,,,,,,,,0.5,0.5,0.5947167,0.05891502,0.34636825,H,H,True
3802,2025-2026,1,2025-08-16,Aston Villa FC,Newcastle United FC,0.0,0.0,D,,,,,,,D,1500.0,1500.0,0.0,,,,,,,,,,,,,,,,,,,,,,,0.5,0.5,0.5947167,0.05891502,0.34636825,H,D,False
3803,2025-2026,1,2025-08-16,Brighton & Hove Albion FC,Fulham FC,1.0,1.0,D,,,,,,,D,1500.0,1500.0,0.0,,,,,,,,,,,,,,,,,,,,,,,0.5,0.5,0.5947167,0.05891502,0.34636825,H,D,False
3804,2025-2026,1,2025-08-16,Sunderland AFC,West Ham United FC,3.0,0.0,H,,,,,,,H,1500.0,1500.0,0.0,,,,,,,,,,,,,,,,,,,,,,,0.5,0.5,0.5947167,0.05891502,0.34636825,H,H,True
3805,2025-2026,1,2025-08-16,Tottenham Hotspur FC,Burnley FC,3.0,0.0,H,,,,,,,H,1500.0,1500.0,0.0,,,,,,,,,,,,,,,,,,,,,,,0.5,0.5,0.5947167,0.05891502,0.34636825,H,H,True
3806,2025-2026,1,2025-08-16,Wolverhampton Wanderers FC,Manchester City FC,0.0,4.0,A,,,,,,,A,1500.0,1500.0,0.0,,,,,,,,,,,,,,,,,,,,,,,0.5,0.5,0.5947167,0.05891502,0.34636825,H,A,False
3807,2025-2026,1,2025-08-17,Nottingham Forest FC,Brentford FC,3.0,1.0,H,,,,,,,H,1500.0,1500.0,0.0,,,,,,,,,,,,,,,,,,,,,,,0.5,0.5,0.5947167,0.05891502,0.34636825,H,H,True
3808,2025-2026,1,2025-08-17,Chelsea FC,Crystal Palace FC,0.0,0.0,D,,,,,,,D,1500.0,1500.0,0.0,,,,,,,,,,,,,,,,,,,,,,,0.5,0.5,0.5947167,0.05891502,0.34636825,H,D,False
3809,2025-2026,1,2025-08-17,Manchester United FC,Arsenal FC,0.0,1.0,A,,,,,,,A,1500.0,1500.0,0.0,,,,,,,,,,,,,,,,,,,,,,,0.5,0.5,0.5947167,0.05891502,0.34636825,H,A,False
3810,2025-2026,1,2025-08-18,Leeds United FC,Everton FC,1.0,0.0,H,,,,,,,H,1500.0,1500.0,0.0,,,,,,,,,,,,,,,,,,,,,,,0.5,0.5,0.5947167,0.05891502,0.34636825,H,H,True
3811,2025-2026,2,2025-08-22,West Ham United FC,Chelsea FC,1.0,5.0,A,0.0,3.0,0.0,0.0,0.0,1.0,A,1492.8012999960577,1497.1987000039423,-4.397400007884698,,,,,,,,,,,,,,,,,,,,,,,0.4992646488281129,0.500735351171887,0.7594239,0.11699718,0.123578876,H,A,False
3812,2025-2026,2,2025-08-23,Manchester City FC,Tottenham Hotspur FC,0.0,2.0,A,4.0,0.0,3.0,3.0,0.0,3.0,A,1512.8012999960577,1507.1987000039423,5.602599992115302,,,,,,,,,,,,,,,,,,,,,,,0.5009275827801516,0.4990724172198484,0.81809163,0.014011322,0.16789703,H,A,False
3813,2025-2026,2,2025-08-23,AFC Bournemouth,Wolverhampton Wanderers FC,1.0,0.0,H,2.0,4.0,0.0,0.0,4.0,0.0,H,1492.8012999960577,1487.1987000039423,5.602599992115302,,,,,,,,,,,,,,,,,,,,,,,0.500940033555724,0.4990599664442759,0.48980018,0.22957508,0.28062475,H,H,True
3814,2025-2026,2,2025-08-23,Brentford FC,Aston Villa FC,1.0,0.0,H,1.0,3.0,0.0,0.0,0.0,1.0,H,1492.8012999960577,1497.1987000039423,-4.397400007884698,,,,,,,,,,,,,,,,,,,,,,,0.4992646488281129,0.500735351171887,0.79644966,0.09451324,0.10903709,H,H,True
3815,2025-2026,2,2025-08-23,Burnley FC,Sunderland AFC,2.0,0.0,H,0.0,3.0,0.0,3.0,0.0,3.0,H,1492.8012999960577,1507.1987000039423,-14.397400007884698,,,,,,,,,,,,,,,,,,,,,,,0.4976004333320192,0.5023995666679808,0.798337,0.15499693,0.046666075,H,H,True
3816,2025-2026,2,2025-08-23,Arsenal FC,Leeds United FC,5.0,0.0,H,1.0,0.0,3.0,1.0,0.0,3.0,H,1512.8012999960577,1507.1987000039423,5.602599992115302,,,,,,,,,,,,,,,,,,,,,,,0.5009275827801516,0.4990724172198484,0.8602041,0.01473254,0.12506326,H,H,True
3817,2025-2026,2,2025-08-24,Crystal Palace FC,Nottingham Forest FC,1.0,1.0,D,0.0,0.0,1.0,3.0,1.0,3.0,D,1502.8012999960577,1507.1987000039423,-4.397400007884698,,,,,,,,,,,,,,,,,,,,,,,0.4992695348824111,0.5007304651175888,0.5964576,0.13683516,0.26670724,H,D,False
3818,2025-2026,2,2025-08-24,Everton FC,Brighton & Hove Albion FC,2.0,0.0,H,0.0,1.0,0.0,1.0,1.0,1.0,H,1492.8012999960577,1497.1987000039423,-4.397400007884698,,,,,,,,,,,,,,,,,,,,,,,0.4992646488281129,0.500735351171887,0.7597199,0.1016338,0.13864625,H,H,True
3819,2025-2026,2,2025-08-24,Fulham FC,Manchester United FC,1.0,1.0,D,1.0,1.0,1.0,0.0,1.0,0.0,D,1502.8012999960577,1487.1987000039423,15.602599992115302,,,,,,,,,,,,,,,,,,,,,,,0.5026091304334641,0.4973908695665359,0.7183243,0.13211012,0.14956558,H,D,False
3820,2025-2026,2,2025-08-25,Newcastle United FC,Liverpool FC,2.0,3.0,A,0.0,0.0,1.0,4.0,2.0,3.0,A,1502.8012999960577,1507.1987000039423,-4.397400007884698,,,,,,,,,,,,,,,,,,,,,,,0.4992695348824111,0.5007304651175888,0.42785937,0.22328915,0.34885144,H,A,False
3821,2025-2026,3,2025-08-30,Chelsea FC,Fulham FC,2.0,0.0,H,2.5,0.5,2.0,1.0,1.0,1.0,H,1509.8829560165664,1499.59157410193,10.291381914636304,,,,,,,,,,,,,,,,,,,,,,,0.5017098303726516,0.4982901696273483,0.8942674,0.010015527,0.095717095,H,H,True
3822,2025-2026,3,2025-08-30,Sunderland AFC,Brentford FC,2.0,1.0,H,1.5,1.0,1.5,1.0,1.5,1.5,H,1499.6138665412898,1500.1170439834336,-0.5031774421438513,,,,,,,,,,,,,,,,,,,,,,,0.4999161295700927,0.5000838704299073,0.8511261,0.008478738,0.14039518,H,H,True
3823,2025-2026,3,2025-08-30,Manchester United FC,Burnley FC,3.0,2.0,H,0.5,1.0,0.5,1.0,1.5,1.5,H,1490.40842589807,1500.3861334587102,-9.977707560640283,,,,,,,,,,,,,,,,,,,,,,,0.4983319303010257,0.5016680696989743,0.9090466,0.060501352,0.030452045,H,H,True
3824,2025-2026,3,2025-08-30,Tottenham Hotspur FC,AFC Bournemouth,0.0,1.0,A,2.5,0.0,3.0,1.5,2.0,1.5,A,1520.1479205774972,1499.8520794225028,20.295841154994378,,,,,,,,,,,,,,,,,,,,,,,0.5033602386018202,0.4966397613981797,0.8107706,0.007198288,0.18203118,H,A,False
3825,2025-2026,3,2025-08-30,Wolverhampton Wanderers FC,Everton FC,2.0,3.0,A,0.0,2.5,0.0,1.0,0.5,1.5,A,1480.1479205774972,1500.1170439834336,-19.969123405936443,,,,,,,,,,,,,,,,,,,,,,,0.4966497738215571,0.5033502261784429,0.9351598,0.035385627,0.029454557,H,A,False
3826,2025-2026,3,2025-08-30,Leeds United FC,Newcastle United FC,0.0,0.0,D,0.5,2.5,1.5,1.0,1.5,0.5,D,1500.1479205774972,1490.1170439834336,10.030876594063557,,,,,,,,,,,,,,,,,,,,,,,0.5016772554795218,0.4983227445204782,0.62853765,0.104234576,0.26722777,H,D,False
3827,2025-2026,3,2025-08-31,Brighton & Hove Albion FC,Manchester City FC,2.0,1.0,H,0.5,1.5,0.5,2.0,1.0,1.5,H,1489.8829560165664,1499.8520794225028,-9.969123405936443,,,,,,,,,,,,,,,,,,,,,,,0.4983327747630197,0.5016672252369803,0.8849064,0.060385503,0.05470816,H,H,True
3828,2025-2026,3,2025-08-31,Nottingham Forest FC,West Ham United FC,0.0,3.0,A,2.0,1.0,2.0,0.5,4.0,0.0,A,1509.8829560165664,1480.1170439834336,29.765912033132736,,,,,,,,,,,,,,,,,,,,,,,0.5049775772630657,0.4950224227369343,0.43349823,0.26424423,0.30225754,H,A,False
3829,2025-2026,3,2025-08-31,Liverpool FC,Arsenal FC,1.0,0.0,H,3.5,2.0,3.0,3.0,0.0,3.0,H,1519.8829560165664,1519.8520794225028,0.0308765940635566,,,,,,,,,,,,,,,,,,,,,,,0.5000050788298492,0.4999949211701507,0.6004614,0.060630865,0.3389077,H,H,True
3830,2025-2026,3,2025-08-31,Aston Villa FC,Crystal Palace FC,0.0,3.0,A,0.0,0.5,0.5,0.5,0.5,1.0,A,1489.8829560165664,1500.1170439834336,-10.234087966867264,,,,,,,,,,,,,,,,,,,,,,,0.4982886140523633,0.5017113859476366,0.89214563,0.054282542,0.053571805,H,A,False
3831,2025-2026,4,2025-09-13,Arsenal FC,Nottingham Forest FC,3.0,0.0,H,2.0,0.3333333333333333,2.0,1.3333333333333333,1.6666666666666667,1.3333333333333333,H,1512.6541983592083,1496.3124948778388,16.34170348136945,,,,,,,,,,,,,,,,,,,,,,,0.5027155008923991,0.4972844991076007,0.8302744,0.012444149,0.15728149,H,H,True
3832,2025-2026,4,2025-09-13,AFC Bournemouth,Brighton & Hove Albion FC,2.0,1.0,H,1.3333333333333333,1.3333333333333333,2.0,1.0,1.3333333333333333,1.3333333333333333,H,1513.1824406288226,1497.3481427661206,15.834297862701987,,,,,,,,,,,,,,,,,,,,,,,0.5026298184695479,0.497370181530452,0.8060051,0.027057616,0.16693728,H,H,True
3833,2025-2026,4,2025-09-13,Crystal Palace FC,Sunderland AFC,0.0,0.0,D,1.3333333333333333,0.3333333333333333,1.6666666666666667,1.6666666666666667,1.0,2.0,D,1512.644719572913,1506.8259180723223,5.818801500590325,,,,,,,,,,,,,,,,,,,,,,,0.5009635466276845,0.4990364533723156,0.8453548,0.02271048,0.13193473,H,D,False
3834,2025-2026,4,2025-09-13,Everton FC,Aston Villa FC,0.0,0.0,D,1.6666666666666667,1.0,2.0,0.0,1.3333333333333333,0.3333333333333333,D,1512.3806235681363,1477.355280427087,35.02534314104901,,,,,,,,,,,,,,,,,,,,,,,0.5058575981735116,0.4941424018264883,0.5603652,0.19156453,0.24807027,H,D,False
3835,2025-2026,4,2025-09-13,Fulham FC,Leeds United FC,1.0,0.0,H,0.6666666666666666,1.3333333333333333,0.6666666666666666,0.3333333333333333,1.6666666666666667,1.3333333333333333,H,1492.6635146149376,1497.0827720059265,-4.419257390988832,,,,,,,,,,,,,,,,,,,,,,,0.4992609310343882,0.5007390689656117,0.7068916,0.08808729,0.20502111,H,H,True
3836,2025-2026,4,2025-09-13,Newcastle United FC,Wolverhampton Wanderers FC,1.0,0.0,H,0.6666666666666666,1.0,0.6666666666666666,0.6666666666666666,2.6666666666666665,0.0,H,1493.1821925550043,1467.8843409927945,25.29785156220987,,,,,,,,,,,,,,,,,,,,,,,0.5042717465608413,0.4957282534391588,0.6026708,0.27113518,0.12619403,H,H,True
3837,2025-2026,4,2025-09-13,West Ham United FC,Tottenham Hotspur FC,0.0,3.0,A,1.3333333333333333,2.6666666666666665,1.0,1.6666666666666667,0.3333333333333333,2.0,A,1493.6875051221612,1506.8175593711774,-13.130054249016212,,,,,,,,,,,,,,,,,,,,,,,0.4978120259811603,0.5021879740188396,0.93172896,0.05083769,0.017433403,H,A,False
3838,2025-2026,4,2025-09-13,Brentford FC,Chelsea FC,2.0,2.0,D,1.0,1.6666666666666667,1.0,2.333333333333333,0.3333333333333333,2.333333333333333,D,1492.904992452401,1516.8110155035588,-23.90602305115772,,,,,,,,,,,,,,,,,,,,,,,0.4960285251186551,0.503971474881345,0.7264604,0.12669165,0.14684798,H,D,False
3839,2025-2026,4,2025-09-14,Burnley FC,Liverpool FC,0.0,1.0,A,1.3333333333333333,2.0,1.0,2.6666666666666665,1.3333333333333333,3.0,A,1492.9207155109275,1527.0808370798609,-34.16012156893339,,,,,,,,,,,,,,,,,,,,,,,0.4943443536412045,0.5056556463587955,0.83830464,0.10744578,0.054249622,H,A,False
3840,2025-2026,4,2025-09-14,Manchester City FC,Manchester United FC,3.0,0.0,H,1.6666666666666667,1.3333333333333333,1.0,1.3333333333333333,1.3333333333333333,1.3333333333333333,H,1492.3868926729483,1497.873843845853,-5.486951172904128,,,,,,,,,,,,,,,,,,,,,,,0.4990825296426671,0.5009174703573328,0.7628759,0.043786235,0.19333786,H,H,True
3841,2025-2026,5,2025-09-20,Liverpool FC,Everton FC,2.0,1.0,H,2.25,1.0,3.0,1.25,0.75,1.75,H,1538.9534981189947,1508.6788018949392,30.27469622405556,,,,,,,,,,,,,,,,,,,,,,,0.504966920750892,0.4950330792491081,0.930087,0.0099556595,0.059957348,H,H,True
3842,2025-2026,5,2025-09-20,Brighton & Hove Albion FC,Tottenham Hotspur FC,2.0,2.0,D,1.0,1.5,1.0,2.0,0.25,2.25,D,1490.5638491374734,1519.2670449424645,-28.70319580499085,,,,,,,,,,,,,,,,,,,,,,,0.4952317593886342,0.5047682406113658,0.82834595,0.049775384,0.121878594,H,D,False
3843,2025-2026,5,2025-09-20,Burnley FC,Nottingham Forest FC,1.0,1.0,D,1.0,1.75,0.75,1.0,2.0,1.0,D,1481.0480544717936,1489.541289203543,-8.49323473174968,,,,,,,,,,,,,,,,,,,,,,,0.4985704461726034,0.5014295538273966,0.79476297,0.11485559,0.0903814,H,D,False
3844,2025-2026,5,2025-09-20,West Ham United FC,Crystal Palace FC,1.0,2.0,A,1.0,2.75,0.75,1.0,0.25,1.5,A,1481.2380195508742,1509.689818514236,-28.451798963361625,,,,,,,,,,,,,,,,,,,,,,,0.4952436500471091,0.5047563499528909,0.9051751,0.039434712,0.05539019,H,A,False
3845,2025-2026,5,2025-09-20,Wolverhampton Wanderers FC,Leeds United FC,1.0,3.0,A,0.5,2.25,0.0,0.25,1.5,1.0,A,1461.3420839831526,1489.766444231177,-28.424360248024414,,,,,,,,,,,,,,,,,,,,,,,0.4951841214959954,0.5048158785040047,0.9013661,0.046252113,0.05238183,H,A,False
3846,2025-2026,5,2025-09-20,Manchester United FC,Chelsea FC,2.0,1.0,H,1.0,1.75,1.0,2.25,0.75,2.0,H,1490.5289751801402,1518.9668161020784,-28.437840921938232,,,,,,,,,,,,,,,,,,,,,,,0.4952753147214368,0.5047246852785633,0.8327622,0.096945405,0.070292406,H,H,True
3847,2025-2026,5,2025-09-20,Fulham FC,Brentford FC,3.0,1.0,H,0.75,1.0,1.25,1.25,1.75,1.0,H,1499.979842389687,1490.7491918538817,9.23065053580558,,,,,,,,,,,,,,,,,,,,,,,0.501543210774048,0.498456789225952,0.7573631,0.05514507,0.18749177,H,H,True
3848,2025-2026,5,2025-09-21,AFC Bournemouth,Newcastle United FC,0.0,0.0,D,1.5,1.25,2.25,0.75,0.75,1.25,D,1519.96673425747,1499.7244495646462,20.24228469282366,,,,,,,,,,,,,,,,,,,,,,,0.5033517143741836,0.4966482856258164,0.88107264,0.009766794,0.10916054,H,D,False
3849,2025-2026,5,2025-09-21,Sunderland AFC,Aston Villa FC,1.0,1.0,D,1.25,0.75,1.75,0.0,1.0,0.5,D,1509.7808191309991,1481.0571021002845,28.723717030714624,,,,,,,,,,,,,,,,,,,,,,,0.5048019514576185,0.4951980485423814,0.5042452,0.19930407,0.29645067,H,D,False
3850,2025-2026,5,2025-09-21,Arsenal FC,Manchester City FC,1.0,1.0,D,2.25,0.25,2.25,2.0,1.0,1.5,D,1519.4254040335038,1499.731761338661,19.693642694842765,,,,,,,,,,,,,,,,,,,,,,,0.50326144708873,0.49673855291127,0.73596793,0.0072613093,0.25677067,H,D,False
3851,2025-2026,6,2025-09-27,Brentford FC,Manchester United FC,3.0,1.0,H,1.2,2.0,0.8,1.2,1.6,1.4,H,1483.793457283222,1498.4978924202169,-14.704435136994787,,,,,,,,,,,,,,,,,,,,,,,0.497534708482044,0.502465291517956,0.9373795,0.025665667,0.036954828,H,H,True
3852,2025-2026,6,2025-09-27,Crystal Palace FC,Liverpool FC,2.0,1.0,H,1.2,0.4,1.8,2.2,1.0,3.0,H,1521.7205160994538,1545.3702665239416,-23.64975042448782,,,,,,,,,,,,,,,,,,,,,,,0.4961445956281315,0.5038554043718686,0.8705479,0.05661475,0.07283727,H,H,True
3853,2025-2026,6,2025-09-27,Chelsea FC,Brighton & Hove Albion FC,1.0,3.0,A,2.0,1.0,1.6,1.2,1.6,1.0,A,1510.9978988620016,1488.540089968965,22.4578088930366,,,,,,,,,,,,,,,,,,,,,,,0.5037435446686557,0.4962564553313443,0.85305834,0.03680621,0.11013553,H,A,False
3854,2025-2026,6,2025-09-27,Leeds United FC,AFC Bournemouth,2.0,2.0,D,0.8,1.4,1.4,1.2,1.0,2.0,D,1501.7978989867947,1516.637743630256,-14.83984464346122,,,,,,,,,,,,,,,,,,,,,,,0.4975417987327709,0.5024582012672291,0.83404064,0.063831,0.102128394,H,D,False
3855,2025-2026,6,2025-09-27,Manchester City FC,Burnley FC,5.0,1.0,H,1.8,1.0,1.4,1.0,1.6,0.8,H,1503.0467034137785,1478.4735341505116,24.57316926326689,,,,,,,,,,,,,,,,,,,,,,,0.5041209127064892,0.4958790872935107,0.75405693,0.080201164,0.16574188,H,H,True
3856,2025-2026,6,2025-09-27,Nottingham Forest FC,Sunderland AFC,0.0,1.0,A,1.0,1.8,1.0,1.2,0.8,1.6,A,1492.1158095248254,1506.2365587109568,-14.120749186131434,,,,,,,,,,,,,,,,,,,,,,,0.4976452485478816,0.5023547514521184,0.9449749,0.033676423,0.021348722,H,A,False
3857,2025-2026,6,2025-09-27,Tottenham Hotspur FC,Wolverhampton Wanderers FC,1.0,1.0,D,2.0,0.6,2.0,0.6,2.4,0.0,D,1521.2908041109729,1449.310629227535,71.98017488343771,,,,,,,,,,,,,,,,,,,,,,,0.5121154211527029,0.4878845788472971,0.69535863,0.09276922,0.21187213,H,D,False
3858,2025-2026,6,2025-09-28,Aston Villa FC,Fulham FC,3.0,1.0,H,0.2,1.0,0.6,1.2,1.0,1.6,H,1484.6013625203268,1506.9355769603465,-22.33421444001965,,,,,,,,,,,,,,,,,,,,,,,0.4962671003414224,0.5037328996585777,0.90210044,0.04465189,0.053247668,H,H,True
3859,2025-2026,6,2025-09-28,Newcastle United FC,Arsenal FC,1.0,2.0,A,0.6,0.6,1.2,2.0,0.4,2.0,A,1503.05344019186,1516.1104619583864,-13.057021766526304,,,,,,,,,,,,,,,,,,,,,,,0.4978376427730162,0.5021623572269838,0.87727004,0.02299958,0.09973036,H,A,False
3860,2025-2026,6,2025-09-29,Everton FC,West Ham United FC,1.0,1.0,D,1.2,1.0,1.4,1.0,2.6,0.6,D,1502.2620334899923,1469.2073219656563,33.05471152433597,,,,,,,,,,,,,,,,,,,,,,,0.5055620145406593,0.4944379854593406,0.5477976,0.21261886,0.23958352,H,D,False
3861,2025-2026,7,2025-10-03,AFC Bournemouth,Fulham FC,3.0,1.0,H,1.2,0.6,2.2,1.2,1.4,1.4,H,1519.0409147162834,1499.1344729911102,19.90644172517318,,,,,,,,,,,,,,,,,,,,,,,0.5032977609263944,0.4967022390736056,0.8338641,0.014958834,0.15117703,H,H,True
3862,2025-2026,7,2025-10-04,Leeds United FC,Tottenham Hotspur FC,1.0,2.0,A,1.0,1.8,1.0,1.6,0.8,1.6,A,1499.3947279007673,1516.7090556685416,-17.31432776777433,,,,,,,,,,,,,,,,,,,,,,,0.4971296863420124,0.5028703136579876,0.901364,0.033785503,0.06485051,H,A,False
3863,2025-2026,7,2025-10-04,Arsenal FC,West Ham United FC,2.0,0.0,H,2.2,0.6,2.0,1.2,2.2,0.8,H,1528.5619233495297,1472.8600943664326,55.70182898309713,,,,,,,,,,,,,,,,,,,,,,,0.5092792397494114,0.4907207602505886,0.8694807,0.007984163,0.12253509,H,H,True
3864,2025-2026,7,2025-10-04,Manchester United FC,Sunderland AFC,2.0,0.0,H,1.4,2.0,1.4,0.8,0.8,1.6,H,1490.904735477226,1518.65922199198,-27.754486514754035,,,,,,,,,,,,,,,,,,,,,,,0.4953889522025488,0.5046110477974513,0.9037682,0.05427534,0.041956455,H,H,True
3865,2025-2026,7,2025-10-04,Chelsea FC,Liverpool FC,2.0,1.0,H,2.2,1.6,1.4,1.6,1.0,2.4,H,1497.6123280731308,1537.533099318707,-39.92077124557613,,,,,,,,,,,,,,,,,,,,,,,0.4934235818018313,0.5065764181981686,0.8266688,0.046715043,0.12661615,H,H,True
3866,2025-2026,7,2025-10-05,Aston Villa FC,Burnley FC,2.0,1.0,H,0.8,1.2,1.0,1.2,2.0,0.8,H,1492.402466489563,1471.9128996637903,20.489566825772727,,,,,,,,,,,,,,,,,,,,,,,0.5034560369419062,0.4965439630580937,0.85152894,0.059973933,0.08849714,H,H,True
3867,2025-2026,7,2025-10-05,Everton FC,Crystal Palace FC,2.0,1.0,H,1.4,1.0,1.6,1.6,0.6,2.2,H,1498.609261089216,1529.5576833046885,-30.94842221547242,,,,,,,,,,,,,,,,,,,,,,,0.4948899081880595,0.5051100918119406,0.924844,0.024252828,0.050903205,H,H,True
3868,2025-2026,7,2025-10-05,Newcastle United FC,Nottingham Forest FC,2.0,0.0,H,0.8,1.0,1.0,0.4,1.8,0.4,H,1490.6019788007168,1479.6931462438022,10.908832556914604,,,,,,,,,,,,,,,,,,,,,,,0.5018363213245941,0.4981636786754058,0.68892694,0.10259841,0.2084747,H,H,True
3869,2025-2026,7,2025-10-05,Wolverhampton Wanderers FC,Brighton & Hove Albion FC,1.0,1.0,D,0.8,1.8,0.2,1.6,1.6,1.4,D,1453.892377669966,1501.925660757836,-48.033283087869904,,,,,,,,,,,,,,,,,,,,,,,0.4918747902503804,0.5081252097496196,0.87932354,0.025216877,0.09545958,H,D,False
3870,2025-2026,7,2025-10-05,Brentford FC,Manchester City FC,0.0,1.0,A,1.6,1.6,1.4,2.0,1.2,1.4,A,1491.386614226213,1509.6073379004995,-18.220723674286774,,,,,,,,,,,,,,,,,,,,,,,0.4969642185281023,0.5030357814718976,0.90082645,0.014241129,0.084932394,H,A,False
3871,2025-2026,8,2025-10-18,Nottingham Forest FC,Chelsea FC,0.0,3.0,A,0.2,2.0,0.2,1.6,1.6,1.4,A,1472.7811725370275,1505.900140877921,-33.118968340893616,,,,,,,,,,,,,,,,,,,,,,,0.4944406660437729,0.5055593339562271,0.82834816,0.06920807,0.10244374,H,A,False
3872,2025-2026,8,2025-10-18,Brighton & Hove Albion FC,Newcastle United FC,2.0,1.0,H,1.8,1.4,1.6,0.8,0.4,1.6,H,1503.41032799578,1497.5139525074912,5.8963754882886406,,,,,,,,,,,,,,,,,,,,,,,0.500982426568807,0.499017573431193,0.78490674,0.033631127,0.18146212,H,H,True
3873,2025-2026,8,2025-10-18,Crystal Palace FC,AFC Bournemouth,3.0,3.0,D,1.6,0.8,2.0,1.6,0.8,2.2,D,1521.519386060848,1525.7205219499456,-4.201135889097486,,,,,,,,,,,,,,,,,,,,,,,0.4993106653863955,0.5006893346136045,0.7559354,0.0065260073,0.23753858,H,D,False
3874,2025-2026,8,2025-10-18,Burnley FC,Leeds United FC,2.0,0.0,H,1.0,2.4,0.2,1.2,1.2,1.0,H,1465.248217385083,1487.0587788852667,-21.810561500183667,,,,,,,,,,,,,,,,,,,,,,,0.4963061833461532,0.5036938166538468,0.9316871,0.042705767,0.025607161,H,H,True
3875,2025-2026,8,2025-10-18,Manchester City FC,Everton FC,2.0,0.0,H,2.2,0.8,2.0,1.4,1.2,1.6,H,1521.9186073030262,1506.6475583330564,15.271048969969796,,,,,,,,,,,,,,,,,,,,,,,0.5025211681262315,0.4974788318737684,0.9065144,0.009460999,0.08402461,H,H,True
3876,2025-2026,8,2025-10-18,Sunderland AFC,Wolverhampton Wanderers FC,2.0,0.0,H,0.8,0.8,1.6,1.0,1.8,0.4,H,1510.7091543334448,1452.407710432022,58.30144390142277,,,,,,,,,,,,,,,,,,,,,,,0.509837857661756,0.490162142338244,0.8127158,0.03457438,0.15270984,H,H,True
3877,2025-2026,8,2025-10-18,Fulham FC,Arsenal FC,0.0,1.0,A,1.2,1.8,1.2,1.6,0.6,2.0,A,1492.454865757448,1534.358186034734,-41.90332027728596,,,,,,,,,,,,,,,,,,,,,,,0.493077980113031,0.506922019886969,0.87525535,0.058801167,0.06594349,H,A,False
3878,2025-2026,8,2025-10-19,Tottenham Hotspur FC,Aston Villa FC,1.0,2.0,A,1.6,1.0,1.6,1.2,1.2,1.6,A,1529.0450046840422,1499.0671487682705,29.977855915771897,,,,,,,,,,,,,,,,,,,,,,,0.5049499249691914,0.4950500750308085,0.8753922,0.0089313565,0.11567649,H,A,False
3879,2025-2026,8,2025-10-19,Liverpool FC,Manchester United FC,1.0,2.0,A,1.2,1.0,1.8,1.6,1.8,1.8,A,1529.2452865139164,1498.8548031357614,30.390483378155068,,,,,,,,,,,,,,,,,,,,,,,0.5050180777514641,0.4949819222485359,0.8317101,0.04160755,0.12668236,H,A,False
3880,2025-2026,8,2025-10-20,West Ham United FC,Brentford FC,0.0,2.0,A,1.0,1.6,0.8,1.4,1.8,0.8,A,1467.0638316812283,1479.0753448236865,-12.01151314245817,,,,,,,,,,,,,,,,,,,,,,,0.4979614823973272,0.5020385176026727,0.813434,0.09833888,0.08822717,H,A,False
3881,2025-2026,9,2025-10-24,Leeds United FC,West Ham United FC,2.0,1.0,H,1.2,1.6,0.8,0.4,2.0,0.2,H,1479.272013346229,1454.5841075048495,24.68790584137946,,,,,,,,,,,,,,,,,,,,,,,0.504207415910058,0.4957925840899421,0.6683691,0.17839997,0.15323094,H,H,True
3882,2025-2026,9,2025-10-25,Chelsea FC,Sunderland AFC,1.0,2.0,A,1.8,1.6,1.4,0.8,0.6,1.6,A,1517.8017015180594,1516.4440106428792,1.3576908751801966,,,,,,,,,,,,,,,,,,,,,,,0.5002237279053801,0.4997762720946199,0.6342249,0.044058036,0.32171702,H,A,False
3883,2025-2026,9,2025-10-25,Newcastle United FC,Fulham FC,2.0,1.0,H,1.0,0.8,1.4,1.2,1.6,1.2,H,1490.470891238538,1480.7981216460078,9.672769592530358,,,,,,,,,,,,,,,,,,,,,,,0.501627716903213,0.498372283096787,0.83386624,0.05505436,0.1110794,H,H,True
3884,2025-2026,9,2025-10-25,Manchester United FC,Brighton & Hove Albion FC,4.0,2.0,H,1.4,1.6,1.8,1.8,1.4,1.6,H,1512.4409391124184,1510.453389264733,1.9875498476853863,,,,,,,,,,,,,,,,,,,,,,,0.5003287494751351,0.4996712505248649,0.79905474,0.029653355,0.17129196,H,H,True
3885,2025-2026,9,2025-10-25,Brentford FC,Liverpool FC,3.0,2.0,H,1.6,1.4,1.4,1.2,1.4,1.2,H,1491.5550690000653,1515.6591505372594,-24.104081537194133,,,,,,,,,,,,,,,,,,,,,,,0.4959922905756773,0.5040077094243228,0.8966548,0.01056694,0.0927783,H,H,True
3886,2025-2026,9,2025-10-26,AFC Bournemouth,Nottingham Forest FC,2.0,0.0,H,2.0,1.4,1.8,0.2,2.0,0.2,H,1528.4100190839092,1460.8796118968896,67.53040718701959,,,,,,,,,,,,,,,,,,,,,,,0.51129539380981,0.4887046061901899,0.73633415,0.0954373,0.16822854,H,H,True
3887,2025-2026,9,2025-10-26,Aston Villa FC,Manchester City FC,1.0,0.0,H,1.6,0.8,2.2,2.4,0.4,2.6,H,1512.642931312855,1528.7174437021267,-16.07451238927206,,,,,,,,,,,,,,,,,,,,,,,0.4973573482903695,0.5026426517096306,0.91628593,0.0074201915,0.07629389,H,H,True
3888,2025-2026,9,2025-10-26,Arsenal FC,Crystal Palace FC,1.0,0.0,H,1.8,0.4,2.6,1.6,1.4,1.6,H,1546.0149301461745,1518.8298889268845,27.18504121928981,,,,,,,,,,,,,,,,,,,,,,,0.5044349784123021,0.4955650215876979,0.7230581,0.0081419535,0.26879993,H,H,True
3889,2025-2026,9,2025-10-26,Wolverhampton Wanderers FC,Burnley FC,2.0,3.0,A,0.6,1.6,0.4,1.0,1.8,0.8,A,1446.6728541225875,1473.0349829241209,-26.362128801533345,,,,,,,,,,,,,,,,,,,,,,,0.4954854851456304,0.5045145148543696,0.8849393,0.01813646,0.09692429,H,A,False
3890,2025-2026,9,2025-10-26,Everton FC,Tottenham Hotspur FC,0.0,3.0,A,0.8,1.2,1.0,1.8,1.2,1.6,A,1499.848721933956,1515.4692221394578,-15.620500205501912,,,,,,,,,,,,,,,,,,,,,,,0.4974098087672307,0.5025901912327693,0.8179804,0.03977233,0.1422472,H,A,False
3891,2025-2026,10,2025-11-01,Brighton & Hove Albion FC,Leeds United FC,3.0,0.0,H,2.0,1.8,1.6,1.6,1.6,1.4,H,1503.307321487443,1485.8297364263467,17.477585061096306,,,,,,,,,,,,,,,,,,,,,,,0.502923516841562,0.4970764831584379,0.7141892,0.059093885,0.22671697,H,H,True
3892,2025-2026,10,2025-11-01,Crystal Palace FC,Brentford FC,2.0,0.0,H,1.6,1.6,1.4,1.8,1.4,1.8,H,1512.3353652662097,1499.4047047173433,12.930660548866172,,,,,,,,,,,,,,,,,,,,,,,0.5021467092525247,0.4978532907474752,0.77608883,0.018537158,0.20537405,H,H,True
3893,2025-2026,10,2025-11-01,Burnley FC,Arsenal FC,0.0,2.0,A,1.6,2.0,1.4,1.4,0.4,2.6,A,1485.1232747713882,1552.5094538068493,-67.38617903546105,,,,,,,,,,,,,,,,,,,,,,,0.4889081095285997,0.5110918904714002,0.8281564,0.040920928,0.1309227,H,A,False
3894,2025-2026,10,2025-11-01,Fulham FC,Wolverhampton Wanderers FC,3.0,0.0,H,1.2,2.0,0.6,1.0,2.0,0.4,H,1473.85392849207,1434.5845622753202,39.26936621674986,,,,,,,,,,,,,,,,,,,,,,,0.5067509363428877,0.4932490636571123,0.8151932,0.08375357,0.10105327,H,H,True
3895,2025-2026,10,2025-11-01,Nottingham Forest FC,Manchester United FC,2.0,2.0,D,0.2,1.8,0.2,2.2,1.4,2.4,D,1455.3595800003725,1519.5870068897084,-64.2274268893359,,,,,,,,,,,,,,,,,,,,,,,0.489205280664135,0.5107947193358651,0.7507524,0.10005473,0.1491929,H,D,False
3896,2025-2026,10,2025-11-01,Tottenham Hotspur FC,Chelsea FC,0.0,1.0,A,1.8,1.2,1.6,1.6,1.6,1.2,A,1527.8512103907271,1504.9644301178528,22.88678027287437,,,,,,,,,,,,,,,,,,,,,,,0.5037731901615088,0.4962268098384911,0.87729686,0.022938646,0.09976448,H,A,False
3897,2025-2026,10,2025-11-01,Liverpool FC,Aston Villa FC,2.0,0.0,H,1.4,2.0,0.6,1.8,0.8,2.6,H,1507.8095148199814,1520.2732729796403,-12.463758159659164,,,,,,,,,,,,,,,,,,,,,,,0.4979419720276677,0.5020580279723322,0.9081071,0.066762425,0.025130453,H,H,True
3898,2025-2026,10,2025-11-02,West Ham United FC,Newcastle United FC,3.0,1.0,H,0.6,1.8,0.2,1.2,1.0,1.4,H,1448.0263844247318,1497.4150843924758,-49.38869996774406,,,,,,,,,,,,,,,,,,,,,,,0.4916160785249661,0.508383921475034,0.8859161,0.019581474,0.09450244,H,H,True
3899,2025-2026,10,2025-11-02,Manchester City FC,AFC Bournemouth,3.0,1.0,H,1.8,0.6,2.0,2.0,1.2,1.8,H,1521.0871020353409,1533.9300509804264,-12.842948945085482,,,,,,,,,,,,,,,,,,,,,,,0.4978980561643643,0.5021019438356357,0.8904587,0.005479243,0.104062065,H,H,True
3900,2025-2026,10,2025-11-03,Sunderland AFC,Everton FC,1.0,1.0,D,1.2,0.8,2.0,0.8,1.8,0.8,D,1529.281282043086,1487.4667336826865,41.814548360399385,,,,,,,,,,,,,,,,,,,,,,,0.5069304012370983,0.4930695987629017,0.828376,0.036550216,0.13507381,H,D,False
3901,2025-2026,11,2025-11-08,Tottenham Hotspur FC,Manchester United FC,2.0,2.0,D,1.4,1.0,1.4,2.2,1.6,2.0,D,1514.4547125861875,1520.6130013058282,-6.158288719640723,,,,,,,,,,,,,,,,,,,,,,,0.4989854775411677,0.5010145224588324,0.7415079,0.09092637,0.16756569,H,D,False
3902,2025-2026,11,2025-11-08,Everton FC,Fulham FC,2.0,0.0,H,0.8,1.6,1.0,1.2,1.8,0.6,H,1491.3359543255804,1480.0471729225094,11.28878140307097,,,,,,,,,,,,,,,,,,,,,,,0.5018995836147064,0.4981004163852936,0.543852,0.065748595,0.39039946,H,H,True
3903,2025-2026,11,2025-11-08,West Ham United FC,Burnley FC,3.0,2.0,H,1.0,1.6,0.8,1.4,2.2,1.2,H,1456.579891219655,1474.187321016425,-17.607429796769566,,,,,,,,,,,,,,,,,,,,,,,0.4969961057085568,0.5030038942914432,0.91139764,0.01980134,0.06880106,H,H,True
3904,2025-2026,11,2025-11-08,Sunderland AFC,Arsenal FC,2.0,2.0,D,1.2,0.8,2.0,1.6,0.2,3.0,D,1525.412061400192,1563.4454075618123,-38.03334616162056,,,,,,,,,,,,,,,,,,,,,,,0.4938434604795149,0.5061565395204851,0.9089737,0.018383082,0.072643235,H,D,False
3905,2025-2026,11,2025-11-08,Chelsea FC,Wolverhampton Wanderers FC,3.0,0.0,H,1.6,1.2,1.8,0.8,2.0,0.4,H,1518.3609279223924,1428.3913178448809,89.96961007751156,,,,,,,,,,,,,,,,,,,,,,,0.5152658931891448,0.4847341068108552,0.84770024,0.012472857,0.13982692,H,H,True
3906,2025-2026,11,2025-11-09,Aston Villa FC,AFC Bournemouth,4.0,0.0,H,1.6,1.0,2.4,2.2,1.8,1.6,H,1512.7407769590432,1526.3873027212655,-13.646525762222382,,,,,,,,,,,,,,,,,,,,,,,0.4977548616898604,0.5022451383101396,0.9313892,0.0055343737,0.063076444,H,H,True
3907,2025-2026,11,2025-11-09,Crystal Palace FC,Brighton & Hove Albion FC,0.0,0.0,D,1.6,1.4,1.4,2.2,1.4,2.0,D,1519.1947903285152,1510.049273159955,9.145517168560218,,,,,,,,,,,,,,,,,,,,,,,0.5015095378544752,0.4984904621455248,0.73312044,0.0137000885,0.2531794,H,D,False
3908,2025-2026,11,2025-11-09,Brentford FC,Newcastle United FC,3.0,1.0,H,1.6,1.2,1.8,1.4,1.6,1.2,H,1492.5452796550376,1488.8615775975522,3.683702057485334,,,,,,,,,,,,,,,,,,,,,,,0.5006177791616271,0.4993822208383729,0.8797234,0.0074986657,0.112777874,H,H,True
3909,2025-2026,11,2025-11-09,Nottingham Forest FC,Leeds United FC,3.0,1.0,H,0.4,2.0,0.2,1.0,2.0,0.8,H,1454.333585584253,1479.0877847538347,-24.75419916958208,,,,,,,,,,,,,,,,,,,,,,,0.4957806608658597,0.5042193391341403,0.807887,0.071332306,0.12078072,H,H,True
3910,2025-2026,11,2025-11-09,Manchester City FC,Liverpool FC,3.0,0.0,H,2.2,0.6,2.4,1.4,1.8,0.6,H,1528.6298502945017,1515.3420108405787,13.28783945392297,,,,,,,,,,,,,,,,,,,,,,,0.5021826482076888,0.4978173517923112,0.73900044,0.0059880214,0.2550115,H,H,True
